month,Total_Revenue,month_name
11,1732637.468200003,November
12,1728215.2496999998,December
9,1494169.0300999999,September
10,985453.1910999992,October
3,975309.4354000005,March
8,873485.3482000001,August
5,791152.9484999996,May
6,714362.998499999,June
7,695962.6180000004,July
4,613807.1233999997,April
1,503114.5764000001,January
2,262373.36440000014,February
